track_id,playcount,predicted_probabilities
TRARTEH128F423DBC1,61.0,"[0.031001246, 0.12928426, 0.17718337, 0.2307994, 0.43173167]"
TRIYKXW128F92FDF08,32.0,"[0.023125626, 0.19548671, 0.21182476, 0.40291238, 0.16665049]"
TREZMVA128F428CEC6,24.0,"[0.023304032, 0.17568985, 0.13394362, 0.58234257, 0.08471995]"
TRKARMP128E0780D7C,12.0,"[0.032712337, 0.41958392, 0.2079692, 0.19847485, 0.14125974]"
TRIYSNE128F92F8FB5,10.0,"[0.030667435, 0.41328496, 0.17835976, 0.2787204, 0.09896744]"
TRFLVKB128F147CC69,6.0,"[0.6066949, 0.11285472, 0.13802038, 0.06385752, 0.07857247]"
