track_id,track_name,predicted_label,predicted_probabilities,prob_0,prob_1,prob_2,prob_3,prob_4,weighted_probabilities,true_label,playcount,artist_name
TRARTEH128F423DBC1,15 Step,4,"[0.031001246, 0.12928426, 0.17718337, 0.2307994, 0.43173167]",0.031001246,0.12928426,0.17718337,0.2307994,0.43173167,2.902976,4,61.0,Radiohead
TRIYSNE128F92F8FB5,Speed Trials,1,"[0.030667435, 0.41328496, 0.17835976, 0.2787204, 0.09896744]",0.030667435,0.41328496,0.17835976,0.2787204,0.09896744,2.0020356,1,10.0,Elliott Smith
TRFLVKB128F147CC69,Ain't My Bitch,0,"[0.6066949, 0.11285472, 0.13802038, 0.06385752, 0.07857247]",0.6066949,0.11285472,0.13802038,0.06385752,0.07857247,0.8947579,0,6.0,Metallica
TRKARMP128E0780D7C,Brick Shithouse,1,"[0.032712337, 0.41958392, 0.2079692, 0.19847485, 0.14125974]",0.032712337,0.41958392,0.2079692,0.19847485,0.14125974,1.9959857,1,12.0,Placebo
TRIYKXW128F92FDF08,World News,3,"[0.023125626, 0.19548671, 0.21182476, 0.40291238, 0.16665049]",0.023125626,0.19548671,0.21182476,0.40291238,0.16665049,2.4944754,3,32.0,Local Natives
TREZMVA128F428CEC6,Arm's Length,3,"[0.023304032, 0.17568985, 0.13394362, 0.58234257, 0.08471995]",0.023304032,0.17568985,0.13394362,0.58234257,0.08471995,2.5294845,3,24.0,Kacy Hill
