track_id,track_name,predicted_label,predicted_probabilities,prob_0,prob_1,prob_2,prob_3,prob_4,weighted_probabilities,true_label,playcount,artist_name
TRANRWM128F42873F9,Liar in the Glass,4,"[0.011820895, 0.1022857, 0.106048994, 0.102061495, 0.67778295]",0.011820895,0.1022857,0.106048994,0.102061495,0.67778295,3.3316998,3,44.0,Eyes Set to Kill
TRTQRHY128F4241AFD,So I Thought,4,"[0.014301661, 0.1259243, 0.13755694, 0.14537217, 0.57684493]",0.014301661,0.1259243,0.13755694,0.14537217,0.57684493,3.1445343,4,101.0,Flyleaf
TRVRJWK128F429B12C,A Siren's Soliloquy,4,"[0.014287703, 0.13187787, 0.14723787, 0.14163913, 0.56495744]",0.014287703,0.13187787,0.14723787,0.14163913,0.56495744,3.1111007,4,85.0,Alesana
TRIXJYT128F4277AC9,The Patient Ferris Wheel,4,"[0.016064316, 0.118998684, 0.1567087, 0.1922204, 0.5160079]",0.016064316,0.118998684,0.1567087,0.1922204,0.5160079,3.073109,4,54.0,The Gaslight Anthem
TRKCBAC128F9326101,This Close,4,"[0.016013691, 0.15118694, 0.123014346, 0.19599456, 0.5137905]",0.016013691,0.15118694,0.123014346,0.19599456,0.5137905,3.0403614,4,58.0,Flyleaf
TRCSFFN128F92CE208,Throes of Perdition,4,"[0.11417951, 0.07192721, 0.12731151, 0.18272589, 0.503856]",0.11417951,0.07192721,0.12731151,0.18272589,0.503856,2.890152,4,77.0,Trivium
